001,,,,,,,,,,,,,,,,,,,,15.250987,100.336945,5.14,4.30,-52.47,186.40,
001,,,,,,,,,,,,,,,,,,,,15.250989,100.336945,5.07,4.30,-52.86,186.70,
001,,,,,,,,,,,,,,,,,,,,15.250989,100.336945,5.05,4.33,-55.87,186.40,
001,,,,,,,,,,,,,,,,,,,,15.250989,100.336945,5.17,4.33,-53.16,186.40,
001,,,,,,,,,,,,,,,,,,,,15.250991,100.336945,5.11,4.33,-53.72,186.80,
001,,,,,,,,,,,,,,,,,,,,15.250991,100.336945,5.16,4.25,-59.22,186.80,
001,,,,,,,,,,,,,,,,,,,,15.250992,100.336945,5.08,4.27,-59.93,187.10,
001,,,,,,,,,,,,,,,,,,,,15.250992,100.336945,5.09,4.34,-58.88,187.10,
001,,,,,,,,,,,,,,,,,,,,15.250993,100.336945,5.11,4.23,-43.40,187.40,
001,,,,,,,,,,,,,,,,,,,,15.250993,100.336945,5.19,4.38,-58.38,187.40,
001,,,,,,,,,,,,,,,,,,,,15.250994,100.336952,5.12,4.28,-50.22,187.70,
001,,,,,,,,,,,,,,,,,,,,15.250994,100.336952,5.06,4.32,-48.26,187.70,
001,,,,,,,,,,,,,,,,,,,,15.250995,100.336952,5.16,4.28,-56.29,187.90,
001,,,,,,,,,,,,,,,,,,,,15.250995,100.336952,5.19,4.24,-51.48,187.90,
001,,,,,,,,,,,,,,,,,,,,15.250996,100.336952,5.14,4.31,-53.80,188.20,
001,,,,,,,,,,,,,,,,,,,,15.250996,100.336952,5.10,4.29,-56.93,188.20,
001,,,,,,,,,,,,,,,,,,,,15.250997,100.336952,5.15,4.32,-58.92,188.50,
001,,,,,,,,,,,,,,,,,,,,15.250997,100.336952,5.12,4.28,-58.15,188.50,
001,,,,,,,,,,,,,,,,,,,,15.250998,100.336952,5.13,4.32,-55.64,188.70,
001,,,,,,,,,,,,,,,,,,,,15.250998,100.336952,5.13,4.34,-55.86,188.70,
001,,,,,,,,,,,,,,,,,,,,15.250999,100.336952,5.13,4.34,-57.04,189.10,
001,,,,,,,,,,,,,,,,,,,,15.251000,100.336960,5.16,4.28,-57.03,189.20,
001,,,,,,,,,,,,,,,,,,,,15.251000,100.336960,5.20,4.35,-51.51,189.20,
001,,,,,,,,,,,,,,,,,,,,15.251001,100.336960,5.07,4.31,-50.86,189.50,
001,,,,,,,,,,,,,,,,,,,,15.251001,100.336960,5.15,4.26,-57.46,189.50,
001,,,,,,,,,,,,,,,,,,,,15.251002,100.336960,5.11,4.26,-63.41,189.70,
001,,,,,,,,,,,,,,,,,,,,15.251002,100.336960,5.10,4.32,-52.87,189.70,
001,,,,,,,,,,,,,,,,,,,,15.251003,100.336960,5.14,4.26,-57.04,190.00,
001,,,,,,,,,,,,,,,,,,,,15.251004,100.336960,5.22,4.37,-55.05,190.30,
001,,,,,,,,,,,,,,,,,,,,15.251004,100.336960,5.08,4.35,-56.16,190.30,
001,,,,,,,,,,,,,,,,,,,,15.251005,100.336967,5.13,4.26,-56.47,190.60,
001,,,,,,,,,,,,,,,,,,,,15.251005,100.336967,5.11,4.39,-56.80,190.60,
001,,,,,,,,,,,,,,,,,,,,15.251006,100.336967,5.17,4.32,-54.98,190.90,
001,,,,,,,,,,,,,,,,,,,,15.251006,100.336967,5.17,4.31,-55.53,190.90,
001,,,,,,,,,,,,,,,,,,,,15.251006,100.336967,5.10,4.32,-53.72,191.10,
001,,,,,,,,,,,,,,,,,,,,15.251006,100.336967,5.14,4.31,-55.11,191.10,
001,,,,,,,,,,,,,,,,,,,,15.251007,100.336967,5.12,4.36,-55.21,191.40,
001,,,,,,,,,,,,,,,,,,,,15.251007,100.336967,5.11,4.32,-58.63,191.40,
001,,,,,,,,,,,,,,,,,,,,15.251007,100.336967,5.13,4.26,-49.70,191.70,
001,,,,,,,,,,,,,,,,,,,,15.251007,100.336967,5.22,4.40,-54.83,191.70,
001,,,,,,,,,,,,,,,,,,,,15.251007,100.336967,5.06,4.37,-52.41,192.00,
001,,,,,,,,,,,,,,,,,,,,15.251007,100.336975,5.10,4.25,-57.57,192.20,
001,,,,,,,,,,,,,,,,,,,,15.251007,100.336975,5.05,4.21,-52.38,192.20,
001,,,,,,,,,,,,,,,,,,,,15.251008,100.336975,5.05,4.33,-57.82,192.40,
001,,,,,,,,,,,,,,,,,,,,15.251008,100.336975,5.14,4.22,-58.42,192.40,
001,,,,,,,,,,,,,,,,,,,,15.251008,100.336975,5.14,4.36,-61.22,192.60,
001,,,,,,,,,,,,,,,,,,,,15.251008,100.336975,5.08,4.21,-55.45,192.60,
001,,,,,,,,,,,,,,,,,,,,15.251008,100.336975,5.19,4.31,-58.20,192.80,
001,,,,,,,,,,,,,,,,,,,,15.251008,100.336975,5.19,4.28,-47.32,192.80,
001,,,,,,,,,,,,,,,,,,,,15.251008,100.336975,5.15,4.36,-53.45,193.00,
001,,,,,,,,,,,,,,,,,,,,15.251008,100.336975,5.17,4.35,-59.70,193.00,
001,,,,,,,,,,,,,,,,,,,,15.251009,100.336975,5.14,4.28,-62.93,193.30,
001,,,,,,,,,,,,,,,,,,,,15.251009,100.336975,5.11,4.31,-55.99,193.30,
001,,,,,,,,,,,,,,,,,,,,15.251010,100.336975,5.08,4.36,-55.50,193.60,
001,,,,,,,,,,,,,,,,,,,,15.251010,100.336975,5.19,4.26,-55.18,193.60,
001,,,,,,,,,,,,,,,,,,,,15.251010,100.336983,5.20,4.35,-55.66,193.90,
001,,,,,,,,,,,,,,,,,,,,15.251010,100.336983,5.16,4.30,-60.75,193.90,
001,,,,,,,,,,,,,,,,,,,,15.251007,100.336983,5.05,4.27,-63.37,193.50,
001,,,,,,,,,,,,,,,,,,,,15.251007,100.336983,5.12,4.26,-54.98,193.50,
001,,,,,,,,,,,,,,,,,,,,15.251006,100.336983,5.15,4.20,-55.93,193.70,
001,,,,,,,,,,,,,,,,,,,,15.251007,100.336983,5.17,4.30,-54.71,193.80,
001,,,,,,,,,,,,,,,,,,,,15.251007,100.336983,5.12,4.28,-57.54,193.80,
001,,,,,,,,,,,,,,,,,,,,15.251009,100.336983,5.06,4.35,-58.15,194.30,
001,,,,,,,,,,,,,,,,,,,,15.251009,100.336983,5.16,4.25,-57.03,194.30,
001,,,,,,,,,,,,,,,,,,,,15.251010,100.336983,5.13,4.35,-54.34,194.80,
001,,,,,,,,,,,,,,,,,,,,15.251010,100.336983,5.10,4.31,-50.74,194.80,
001,,,,,,,,,,,,,,,,,,,,15.251011,100.336990,5.06,4.33,-56.44,195.20,
001,,,,,,,,,,,,,,,,,,,,15.251011,100.336990,5.11,4.28,-59.47,195.20,
001,,,,,,,,,,,,,,,,,,,,15.251012,100.336990,5.11,4.30,-58.29,195.60,
001,,,,,,,,,,,,,,,,,,,,15.251012,100.336990,5.19,4.34,-55.99,195.60,
001,,,,,,,,,,,,,,,,,,,,15.251012,100.336990,5.09,4.27,-60.82,195.90,
001,,,,,,,,,,,,,,,,,,,,15.251012,100.336990,5.13,4.32,-52.92,195.90,
001,,,,,,,,,,,,,,,,,,,,15.251013,100.336990,5.18,4.34,-56.87,196.20,
001,,,,,,,,,,,,,,,,,,,,15.251013,100.336990,5.18,4.37,-57.94,196.20,
001,,,,,,,,,,,,,,,,,,,,15.251013,100.336998,5.17,4.23,-62.32,196.40,
001,,,,,,,,,,,,,,,,,,,,15.251013,100.336998,5.17,4.26,-52.03,196.40,
001,,,,,,,,,,,,,,,,,,,,15.251017,100.337006,5.08,4.30,-56.14,195.40,
001,,,,,,,,,,,,,,,,,,,,15.251017,100.337006,5.13,4.27,-54.69,195.40,
001,,,,,,,,,,,,,,,,,,,,15.251017,100.337006,5.19,4.37,-57.69,196.20,
001,,,,,,,,,,,,,,,,,,,,15.251017,100.337006,5.11,4.26,-54.49,196.30,
001,,,,,,,,,,,,,,,,,,,,15.251017,100.337006,5.16,4.42,-55.93,196.30,
001,,,,,,,,,,,,,,,,,,,,15.251018,100.337006,5.05,4.27,-57.36,196.60,
001,,,,,,,,,,,,,,,,,,,,15.251018,100.337006,5.22,4.39,-68.29,196.60,
001,,,,,,,,,,,,,,,,,,,,15.251014,100.337006,5.02,4.30,-51.97,195.60,
001,,,,,,,,,,,,,,,,,,,,15.251014,100.337006,5.09,4.36,-55.61,195.60,
001,,,,,,,,,,,,,,,,,,,,15.251000,100.336998,5.12,4.31,-53.82,194.40,
001,,,,,,,,,,,,,,,,,,,,15.251000,100.336998,5.19,4.30,-53.92,194.40,
001,,,,,,,,,,,,,,,,,,,,15.250982,100.336975,5.14,4.35,-56.67,192.50,
001,,,,,,,,,,,,,,,,,,,,15.250982,100.336975,5.07,4.28,-58.19,192.50,
001,,,,,,,,,,,,,,,,,,,,15.250973,100.336952,5.15,4.42,-53.19,190.80,
001,,,,,,,,,,,,,,,,,,,,15.250973,100.336952,5.16,4.39,-55.48,190.80,
001,,,,,,,,,,,,,,,,,,,,15.250963,100.336906,5.11,4.31,-55.23,188.20,
001,,,,,,,,,,,,,,,,,,,,15.250963,100.336906,5.17,4.28,-61.26,188.20,
001,,,,,,,,,,,,,,,,,,,,15.250957,100.336876,5.17,4.29,-56.31,186.40,
001,,,,,,,,,,,,,,,,,,,,15.250957,100.336876,5.13,4.27,-56.91,186.40,
001,,,,,,,,,,,,,,,,,,,,15.250952,100.336861,5.13,4.29,-58.70,184.40,
001,,,,,,,,,,,,,,,,,,,,15.250952,100.336861,5.13,4.32,-56.21,184.40,
001,,,,,,,,,,,,,,,,,,,,15.250947,100.336861,5.16,4.31,-58.85,181.60,
001,,,,,,,,,,,,,,,,,,,,15.250948,100.336868,5.10,4.38,-50.77,180.30,
001,,,,,,,,,,,,,,,,,,,,15.250948,100.336868,5.16,4.30,-52.05,180.30,
001,,,,,,,,,,,,,,,,,,,,15.250945,100.336884,5.16,4.42,-52.45,178.10,
001,,,,,,,,,,,,,,,,,,,,15.250945,100.336884,5.16,4.34,-60.36,178.10,
001,,,,,,,,,,,,,,,,,,,,15.250945,100.336891,5.14,4.28,-52.68,176.80,
001,,,,,,,,,,,,,,,,,,,,15.250950,100.336891,5.11,4.26,-54.13,177.50,
001,,,,,,,,,,,,,,,,,,,,15.250950,100.336891,5.11,4.31,-53.78,177.50,
001,,,,,,,,,,,,,,,,,,,,15.250952,100.336899,5.08,4.27,-58.28,178.60,
001,,,,,,,,,,,,,,,,,,,,15.250952,100.336899,5.15,4.31,-54.51,178.60,
001,,,,,,,,,,,,,,,,,,,,15.250955,100.336906,5.15,4.29,-57.97,180.50,
001,,,,,,,,,,,,,,,,,,,,15.250955,100.336906,5.12,4.31,-62.89,180.50,
001,,,,,,,,,,,,,,,,,,,,15.250955,100.336906,5.07,4.34,-59.09,180.50,
001,,,,,,,,,,,,,,,,,,,,15.250956,100.336914,5.15,4.31,-46.08,181.40,
001,,,,,,,,,,,,,,,,,,,,15.250956,100.336914,5.08,4.37,-57.01,181.40,
001,,,,,,,,,,,,,,,,,,,,15.250957,100.336922,5.19,4.33,-50.52,181.90,
001,,,,,,,,,,,,,,,,,,,,15.250957,100.336922,5.10,4.30,-64.54,181.90,
001,,,,,,,,,,,,,,,,,,,,15.250957,100.336922,5.01,4.31,-55.29,182.30,
001,,,,,,,,,,,,,,,,,,,,15.250957,100.336922,5.08,4.26,-65.57,182.30,
001,,,,,,,,,,,,,,,,,,,,15.250957,100.336922,5.08,4.27,-58.56,183.10,
001,,,,,,,,,,,,,,,,,,,,15.250959,100.336929,5.07,4.31,-59.24,183.80,
001,,,,,,,,,,,,,,,,,,,,15.250959,100.336929,5.12,4.28,-56.84,183.80,
001,,,,,,,,,,,,,,,,,,,,15.250959,100.336929,5.10,4.41,-58.31,184.20,
001,,,,,,,,,,,,,,,,,,,,15.250960,100.336937,5.20,4.27,-57.01,184.50,
001,,,,,,,,,,,,,,,,,,,,15.250960,100.336937,5.12,4.44,-56.02,184.50,
001,,,,,,,,,,,,,,,,,,,,15.250961,100.336937,5.00,4.30,-55.39,185.10,
001,,,,,,,,,,,,,,,,,,,,15.250961,100.336937,5.11,4.25,-53.73,185.10,
001,,,,,,,,,,,,,,,,,,,,15.250960,100.336945,5.07,4.27,-46.27,185.70,
001,,,,,,,,,,,,,,,,,,,,15.250960,100.336945,5.17,4.40,-59.57,185.70,
001,,,,,,,,,,,,,,,,,,,,15.250962,100.336945,5.18,4.32,-60.42,186.20,
001,,,,,,,,,,,,,,,,,,,,15.250962,100.336945,5.09,4.36,-50.46,186.20,
001,,,,,,,,,,,,,,,,,,,,15.250964,100.336945,5.13,4.33,-55.70,186.90,
001,,,,,,,,,,,,,,,,,,,,15.250964,100.336945,5.15,4.33,-56.30,186.90,
001,,,,,,,,,,,,,,,,,,,,15.250965,100.336945,5.08,4.34,-48.97,187.30,
001,,,,,,,,,,,,,,,,,,,,15.250965,100.336945,5.13,4.30,-57.35,187.30,
001,,,,,,,,,,,,,,,,,,,,15.250966,100.336952,5.11,4.40,-48.63,187.90,
001,,,,,,,,,,,,,,,,,,,,15.250966,100.336952,5.21,4.31,-60.71,187.90,
001,,,,,,,,,,,,,,,,,,,,15.250968,100.336952,5.19,4.28,-53.94,188.40,
001,,,,,,,,,,,,,,,,,,,,15.250970,100.336952,5.16,4.27,-52.61,189.00,
001,,,,,,,,,,,,,,,,,,,,15.250970,100.336952,5.16,4.31,-56.74,189.00,
001,,,,,,,,,,,,,,,,,,,,15.250972,100.336952,5.14,4.31,-62.29,189.60,
001,,,,,,,,,,,,,,,,,,,,15.250972,100.336952,5.11,4.28,-52.74,189.60,
001,,,,,,,,,,,,,,,,,,,,15.250970,100.336952,5.11,4.36,-52.20,189.70,
001,,,,,,,,,,,,,,,,,,,,15.250970,100.336952,5.10,4.27,-58.07,189.70,
001,,,,,,,,,,,,,,,,,,,,15.250974,100.336937,5.12,4.37,-56.70,190.00,
001,,,,,,,,,,,,,,,,,,,,15.250974,100.336937,5.10,4.39,-54.99,190.00,
001,,,,,,,,,,,,,,,,,,,,15.250977,100.336945,5.21,4.40,-64.99,190.60,
001,,,,,,,,,,,,,,,,,,,,15.250977,100.336945,5.20,4.34,-53.55,190.60,
001,,,,,,,,,,,,,,,,,,,,15.250974,100.336952,5.12,4.28,-48.30,190.00,
001,,,,,,,,,,,,,,,,,,,,15.250974,100.336952,5.12,4.35,-56.98,190.00,
001,,,,,,,,,,,,,,,,,,,,15.250976,100.336952,5.15,4.33,-58.55,190.80,
001,,,,,,,,,,,,,,,,,,,,15.250976,100.336952,5.14,4.34,-54.70,190.80,
001,,,,,,,,,,,,,,,,,,,,15.250977,100.336960,5.08,4.26,-51.82,191.10,
001,,,,,,,,,,,,,,,,,,,,15.250977,100.336960,5.12,4.31,-59.51,191.10,
001,,,,,,,,,,,,,,,,,,,,15.250978,100.336960,5.17,4.30,-57.86,191.60,
001,,,,,,,,,,,,,,,,,,,,15.250978,100.336960,5.14,4.30,-57.70,191.60,
001,,,,,,,,,,,,,,,,,,,,15.250979,100.336960,5.15,4.32,-60.90,191.90,
001,,,,,,,,,,,,,,,,,,,,15.250985,100.336960,5.08,4.31,-55.22,192.10,
001,,,,,,,,,,,,,,,,,,,,15.250985,100.336960,5.16,4.34,-57.82,192.10,
001,,,,,,,,,,,,,,,,,,,,15.250990,100.336960,5.13,4.33,-59.39,190.30,
001,,,,,,,,,,,,,,,,,,,,15.250990,100.336960,5.20,4.27,-57.42,190.30,
001,,,,,,,,,,,,,,,,,,,,15.250989,100.336960,4.98,4.65,-60.15,190.30,
001,,,,,,,,,,,,,,,,,,,,15.250989,100.336960,5.03,4.18,-55.92,190.30,
001,,,,,,,,,,,,,,,,,,,,15.250990,100.336960,4.94,4.15,-53.30,191.30,
001,,,,,,,,,,,,,,,,,,,,15.250990,100.336960,5.06,4.38,-54.57,191.30,
001,,,,,,,,,,,,,,,,,,,,15.250992,100.336960,5.10,4.39,-59.56,191.80,
001,,,,,,,,,,,,,,,,,,,,15.250992,100.336960,5.08,4.32,-57.14,191.80,
001,,,,,,,,,,,,,,,,,,,,15.250993,100.336960,5.08,4.32,-56.26,192.20,
001,,,,,,,,,,,,,,,,,,,,15.250993,100.336960,5.09,4.31,-41.20,192.20,
001,,,,,,,,,,,,,,,,,,,,15.251019,100.336967,5.04,4.32,-54.10,191.30,
001,,,,,,,,,,,,,,,,,,,,15.251019,100.336967,5.05,4.28,-56.16,191.30,
001,,,,,,,,,,,,,,,,,,,,15.251025,100.336975,5.10,4.32,-55.49,191.00,
001,,,,,,,,,,,,,,,,,,,,15.251025,100.336975,5.13,4.30,-65.60,191.00,
001,,,,,,,,,,,,,,,,,,,,15.251021,100.336975,5.09,4.32,-58.98,192.30,
001,,,,,,,,,,,,,,,,,,,,15.251021,100.336975,5.07,4.29,-57.70,192.30,
001,,,,,,,,,,,,,,,,,,,,15.251021,100.336975,5.13,4.32,-61.86,192.90,
001,,,,,,,,,,,,,,,,,,,,15.251020,100.336975,5.02,4.28,-55.91,193.10,
001,,,,,,,,,,,,,,,,,,,,15.251020,100.336975,5.04,4.30,-58.04,193.10,
001,,,,,,,,,,,,,,,,,,,,15.251019,100.336983,5.18,4.43,-58.32,193.30,
001,,,,,,,,,,,,,,,,,,,,15.251019,100.336983,5.16,4.30,-54.63,193.30,
001,,,,,,,,,,,,,,,,,,,,15.251019,100.336983,5.07,4.39,-57.64,193.80,
001,,,,,,,,,,,,,,,,,,,,15.251019,100.336983,5.12,4.37,-49.54,193.80,
001,,,,,,,,,,,,,,,,,,,,15.251019,100.336983,5.01,4.30,-59.40,194.10,
001,,,,,,,,,,,,,,,,,,,,15.251019,100.336983,5.07,4.41,-55.04,194.10,
001,,,,,,,,,,,,,,,,,,,,15.251018,100.336990,5.06,4.31,-57.65,194.40,
001,,,,,,,,,,,,,,,,,,,,15.251018,100.336990,5.04,4.37,-55.26,194.40,
001,,,,,,,,,,,,,,,,,,,,15.251019,100.336990,5.13,4.33,-50.25,195.80,
001,,,,,,,,,,,,,,,,,,,,15.251019,100.336990,5.10,4.32,-56.42,195.80,
001,,,,,,,,,,,,,,,,,,,,15.251019,100.336990,5.07,4.29,-57.92,196.80,
001,,,,,,,,,,,,,,,,,,,,15.251019,100.336990,5.10,4.30,-60.70,196.80,
001,,,,,,,,,,,,,,,,,,,,15.251019,100.336998,5.10,4.34,-61.58,197.70,
001,,,,,,,,,,,,,,,,,,,,15.251019,100.336998,5.12,4.33,-52.07,197.70,
001,,,,,,,,,,,,,,,,,,,,15.251019,100.336998,5.10,4.23,-50.67,198.30,
001,,,,,,,,,,,,,,,,,,,,15.251019,100.336998,5.18,4.30,-60.97,198.30,
001,,,,,,,,,,,,,,,,,,,,15.251017,100.336998,5.05,4.32,-54.95,199.10,
001,,,,,,,,,,,,,,,,,,,,15.251015,100.336998,5.08,4.27,-56.00,199.70,
001,,,,,,,,,,,,,,,,,,,,15.251015,100.336998,5.07,4.36,-59.72,199.70,
001,,,,,,,,,,,,,,,,,,,,15.251013,100.336998,5.05,4.24,-60.27,200.30,
001,,,,,,,,,,,,,,,,,,,,15.251013,100.336998,5.06,4.34,-58.72,200.30,
001,,,,,,,,,,,,,,,,,,,,15.251011,100.336998,5.11,4.28,-56.27,200.40,
001,,,,,,,,,,,,,,,,,,,,15.251010,100.337006,5.11,4.35,-55.03,201.10,
001,,,,,,,,,,,,,,,,,,,,15.251010,100.337006,5.08,4.43,-60.70,201.10,
001,,,,,,,,,,,,,,,,,,,,15.251010,100.337006,5.17,4.33,-61.65,201.60,
001,,,,,,,,,,,,,,,,,,,,15.251010,100.337006,5.07,4.25,-47.92,201.60,
001,,,,,,,,,,,,,,,,,,,,15.251010,100.337006,5.20,4.34,-61.82,202.10,
001,,,,,,,,,,,,,,,,,,,,15.251010,100.337006,5.07,4.34,-58.14,202.10,
001,,,,,,,,,,,,,,,,,,,,15.251010,100.337006,5.09,4.34,-57.40,202.50,
001,,,,,,,,,,,,,,,,,,,,15.251010,100.337006,5.13,4.28,-59.55,202.50,
001,,,,,,,,,,,,,,,,,,,,15.251011,100.337006,5.08,4.32,-56.69,203.00,
001,,,,,,,,,,,,,,,,,,,,15.251011,100.337006,5.17,4.35,-55.29,203.00,
001,,,,,,,,,,,,,,,,,,,,15.251011,100.337006,5.09,4.38,-58.89,203.40,
001,,,,,,,,,,,,,,,,,,,,15.251011,100.337006,5.14,4.30,-49.28,203.40,
001,,,,,,,,,,,,,,,,,,,,15.251010,100.337006,5.06,4.34,-53.59,203.10,
001,,,,,,,,,,,,,,,,,,,,15.251010,100.337006,5.14,4.37,-48.67,203.10,
001,,,,,,,,,,,,,,,,,,,,15.251010,100.337006,5.14,4.33,-58.15,203.70,
001,,,,,,,,,,,,,,,,,,,,15.251010,100.337006,5.09,4.31,-56.50,203.70,
001,,,,,,,,,,,,,,,,,,,,15.251011,100.337006,5.08,4.33,-56.45,204.00,
001,,,,,,,,,,,,,,,,,,,,15.251013,100.337006,5.08,4.31,-55.91,204.50,
001,,,,,,,,,,,,,,,,,,,,15.251013,100.337006,5.10,4.33,-54.01,204.50,
001,,,,,,,,,,,,,,,,,,,,15.251014,100.337006,5.12,4.31,-54.94,206.30,
001,,,,,,,,,,,,,,,,,,,,15.251014,100.337006,5.10,4.31,-54.85,206.30,
001,,,,,,,,,,,,,,,,,,,,15.251014,100.337006,5.09,4.36,-55.26,206.50,
001,,,,,,,,,,,,,,,,,,,,15.251014,100.337006,5.13,4.31,-51.57,206.50,
001,,,,,,,,,,,,,,,,,,,,15.251015,100.337013,5.13,4.33,-55.54,206.90,
001,,,,,,,,,,,,,,,,,,,,15.251015,100.337013,5.20,4.36,-55.67,206.90,
001,,,,,,,,,,,,,,,,,,,,15.251017,100.337013,5.19,4.30,-55.96,207.20,
001,,,,,,,,,,,,,,,,,,,,15.251017,100.337013,5.02,4.35,-59.24,207.20,
001,,,,,,,,,,,,,,,,,,,,15.251020,100.337013,5.12,4.31,-55.65,209.10,
001,,,,,,,,,,,,,,,,,,,,15.251020,100.337013,5.21,4.36,-53.37,209.10,
001,,,,,,,,,,,,,,,,,,,,15.251023,100.337013,5.16,4.36,-57.39,210.50,
001,,,,,,,,,,,,,,,,,,,,15.251023,100.337013,5.11,4.39,-65.10,210.50,
001,,,,,,,,,,,,,,,,,,,,15.251023,100.337013,5.10,4.37,-56.15,210.50,
001,,,,,,,,,,,,,,,,,,,,15.251023,100.337013,5.12,4.32,-52.21,210.50,
001,,,,,,,,,,,,,,,,,,,,15.251024,100.337013,5.04,4.22,-55.22,210.70,
001,,,,,,,,,,,,,,,,,,,,15.251025,100.337013,5.16,4.41,-57.64,211.10,
001,,,,,,,,,,,,,,,,,,,,15.251025,100.337013,5.22,4.26,-58.19,211.10,
001,,,,,,,,,,,,,,,,,,,,15.251028,100.337021,5.09,4.24,-57.96,211.50,
001,,,,,,,,,,,,,,,,,,,,15.251028,100.337021,5.07,4.28,-59.67,211.50,
001,,,,,,,,,,,,,,,,,,,,15.251030,100.337021,5.15,4.31,-56.94,211.90,
001,,,,,,,,,,,,,,,,,,,,15.251030,100.337021,5.10,4.31,-55.95,211.90,
001,,,,,,,,,,,,,,,,,,,,15.251031,100.337021,5.10,4.29,-57.53,212.10,
001,,,,,,,,,,,,,,,,,,,,15.251031,100.337021,5.11,4.26,-56.89,212.10,
001,,,,,,,,,,,,,,,,,,,,15.251031,100.337021,5.07,4.23,-56.58,212.30,
001,,,,,,,,,,,,,,,,,,,,15.251031,100.337021,5.10,4.39,-47.38,212.30,
001,,,,,,,,,,,,,,,,,,,,15.251032,100.337021,5.09,4.23,-55.86,212.40,
001,,,,,,,,,,,,,,,,,,,,15.251032,100.337021,5.01,4.35,-60.81,212.40,
001,,,,,,,,,,,,,,,,,,,,15.251033,100.337021,5.06,4.25,-57.11,212.60,
001,,,,,,,,,,,,,,,,,,,,15.251033,100.337021,5.07,4.40,-56.07,212.60,
001,,,,,,,,,,,,,,,,,,,,15.251034,100.337021,5.05,4.23,-61.88,212.70,
001,,,,,,,,,,,,,,,,,,,,15.251034,100.337021,5.13,4.28,-57.29,212.70,
001,,,,,,,,,,,,,,,,,,,,15.251035,100.337021,5.07,4.27,-57.20,212.80,
001,,,,,,,,,,,,,,,,,,,,15.251035,100.337021,5.13,4.25,-61.30,212.80,
001,,,,,,,,,,,,,,,,,,,,15.251036,100.337021,5.10,4.32,-60.19,212.80,
001,,,,,,,,,,,,,,,,,,,,15.251036,100.337021,5.11,4.29,-58.97,212.90,
001,,,,,,,,,,,,,,,,,,,,15.251036,100.337021,5.12,4.36,-57.04,212.90,
001,,,,,,,,,,,,,,,,,,,,15.251037,100.337021,5.07,4.28,-63.24,213.00,
001,,,,,,,,,,,,,,,,,,,,15.251037,100.337021,5.12,4.29,-51.02,213.00,
001,,,,,,,,,,,,,,,,,,,,15.251037,100.337021,5.09,4.38,-52.65,213.10,
001,,,,,,,,,,,,,,,,,,,,15.251037,100.337021,5.17,4.41,-52.17,213.10,
001,,,,,,,,,,,,,,,,,,,,15.251038,100.337021,5.08,4.32,-54.57,213.20,
001,,,,,,,,,,,,,,,,,,,,15.251038,100.337021,5.06,4.31,-53.51,213.20,
001,,,,,,,,,,,,,,,,,,,,15.251037,100.337021,5.20,4.24,-56.75,212.40,
001,,,,,,,,,,,,,,,,,,,,15.251037,100.337021,5.13,4.34,-52.17,212.40,
001,,,,,,,,,,,,,,,,,,,,15.251036,100.337021,5.18,4.26,-54.43,212.20,
001,,,,,,,,,,,,,,,,,,,,15.251036,100.337021,5.03,4.31,-53.95,212.20,
001,,,,,,,,,,,,,,,,,,,,15.251035,100.337029,5.06,4.32,-59.62,211.90,
001,,,,,,,,,,,,,,,,,,,,15.251035,100.337029,5.11,4.25,-51.33,211.90,
001,,,,,,,,,,,,,,,,,,,,15.251035,100.337021,5.01,4.35,-59.21,212.00,
001,,,,,,,,,,,,,,,,,,,,15.251035,100.337021,5.04,4.30,-62.38,212.00,
001,,,,,,,,,,,,,,,,,,,,15.251035,100.337021,5.16,4.25,-55.32,212.00,
001,,,,,,,,,,,,,,,,,,,,15.251035,100.337021,350.74,23.12,-56.10,212.00,
001,,,,,,,,,,,,,,,,,,,,15.251035,100.337021,9.96,357.45,122.96,212.10,
001,,,,,,,,,,,,,,,,,,,,15.251036,100.337021,4.41,5.00,241.29,212.10,
001,,,,,,,,,,,,,,,,,,,,15.251036,100.337021,4.59,5.17,238.86,212.10,
001,,,,,,,,,,,,,,,,,,,,15.251035,100.337021,4.54,5.17,240.88,212.20,
001,,,,,,,,,,,,,,,,,,,,15.251035,100.337021,4.46,5.19,238.37,212.20,
001,,,,,,,,,,,,,,,,,,,,15.251035,100.337021,4.52,5.15,236.14,212.20,
001,,,,,,,,,,,,,,,,,,,,15.251035,100.337021,4.51,5.17,238.44,212.20,
001,,,,,,,,,,,,,,,,,,,,15.251031,100.337021,4.43,5.12,239.49,212.60,
001,,,,,,,,,,,,,,,,,,,,15.251031,100.337021,4.42,5.18,238.27,212.60,
001,,,,,,,,,,,,,,,,,,,,15.251030,100.337021,4.50,5.28,239.62,212.40,
001,,,,,,,,,,,,,,,,,,,,15.251030,100.337021,4.48,5.25,236.92,212.40,
001,,,,,,,,,,,,,,,,,,,,15.251029,100.337021,4.55,5.18,238.02,212.60,
001,,,,,,,,,,,,,,,,,,,,15.251029,100.337021,4.59,5.14,240.04,212.60,
001,,,,,,,,,,,,,,,,,,,,15.251028,100.337021,4.54,5.19,240.83,212.60,
001,,,,,,,,,,,,,,,,,,,,15.251028,100.337021,4.54,5.09,238.67,212.60,
001,,,,,,,,,,,,,,,,,,,,15.251027,100.337021,4.44,5.12,237.75,212.70,
001,,,,,,,,,,,,,,,,,,,,15.251027,100.337021,4.56,5.17,135.18,212.70,
001,,,,,,,,,,,,,,,,,,,,15.251021,100.337021,4.50,5.09,240.63,213.00,
001,,,,,,,,,,,,,,,,,,,,15.251021,100.337021,4.50,5.15,237.97,213.00,
001,,,,,,,,,,,,,,,,,,,,15.251017,100.337021,4.52,5.02,241.47,212.70,
001,,,,,,,,,,,,,,,,,,,,15.251016,100.337021,4.53,5.14,236.12,212.80,
001,,,,,,,,,,,,,,,,,,,,15.251016,100.337021,4.52,5.19,237.95,212.80,
001,,,,,,,,,,,,,,,,,,,,15.251015,100.337021,4.47,5.15,240.12,212.80,
001,,,,,,,,,,,,,,,,,,,,15.251015,100.337021,4.55,5.07,238.83,212.90,
001,,,,,,,,,,,,,,,,,,,,15.251015,100.337021,4.50,5.11,236.73,212.90,
001,,,,,,,,,,,,,,,,,,,,15.251014,100.337021,4.49,5.16,237.87,212.90,
001,,,,,,,,,,,,,,,,,,,,15.251014,100.337021,4.52,5.13,236.24,212.90,
001,,,,,,,,,,,,,,,,,,,,15.251014,100.337021,4.40,5.24,237.22,212.90,
001,,,,,,,,,,,,,,,,,,,,15.251014,100.337021,4.51,5.06,238.00,212.90,
001,,,,,,,,,,,,,,,,,,,,15.251014,100.337029,4.51,5.13,135.18,212.90,
001,,,,,,,,,,,,,,,,,,,,15.251014,100.337029,4.49,5.07,242.34,212.90,
001,,,,,,,,,,,,,,,,,,,,15.251014,100.337029,4.42,5.15,239.05,212.90,
001,,,,,,,,,,,,,,,,,,,,15.251014,100.337029,4.49,5.14,238.17,212.90,
001,,,,,,,,,,,,,,,,,,,,15.251014,100.337029,4.42,5.14,237.58,212.90,
001,,,,,,,,,,,,,,,,,,,,15.251014,100.337029,4.51,5.18,238.51,212.90,
001,,,,,,,,,,,,,,,,,,,,15.251018,100.337029,4.45,5.18,239.60,212.90,
001,,,,,,,,,,,,,,,,,,,,15.251018,100.337029,4.50,5.12,134.00,212.90,
001,,,,,,,,,,,,,,,,,,,,15.251018,100.337029,4.56,5.14,131.73,213.00,
001,,,,,,,,,,,,,,,,,,,,15.251017,100.337029,4.47,5.17,237.45,213.10,
001,,,,,,,,,,,,,,,,,,,,15.251017,100.337029,4.43,5.02,239.41,213.10,
001,,,,,,,,,,,,,,,,,,,,15.251017,100.337029,4.39,5.17,239.97,213.20,
001,,,,,,,,,,,,,,,,,,,,15.251017,100.337029,4.45,5.15,238.25,213.20,
001,,,,,,,,,,,,,,,,,,,,15.251017,100.337029,4.56,5.16,244.47,213.20,
001,,,,,,,,,,,,,,,,,,,,15.251017,100.337029,4.48,5.11,238.32,213.20,
001,,,,,,,,,,,,,,,,,,,,15.251016,100.337029,4.52,5.24,236.90,213.20,
001,,,,,,,,,,,,,,,,,,,,15.251016,100.337029,4.51,5.09,238.67,213.20,
001,,,,,,,,,,,,,,,,,,,,15.251016,100.337029,4.48,5.07,238.11,213.20,
001,,,,,,,,,,,,,,,,,,,,15.251016,100.337029,4.49,5.11,238.99,213.20,
001,,,,,,,,,,,,,,,,,,,,15.251015,100.337029,4.56,5.16,237.31,213.20,
001,,,,,,,,,,,,,,,,,,,,15.251015,100.337029,4.51,5.07,237.65,213.20,
001,,,,,,,,,,,,,,,,,,,,15.251015,100.337029,4.47,5.13,237.98,213.20,
001,,,,,,,,,,,,,,,,,,,,15.251015,100.337029,4.48,5.14,240.48,213.20,
001,,,,,,,,,,,,,,,,,,,,15.251015,100.337029,4.55,5.05,242.29,213.20,
001,,,,,,,,,,,,,,,,,,,,15.251015,100.337029,4.51,5.14,130.88,213.20,
001,,,,,,,,,,,,,,,,,,,,15.251015,100.337029,4.48,5.17,240.54,213.20,
001,,,,,,,,,,,,,,,,,,,,15.251015,100.337029,4.47,5.14,240.67,213.20,
001,,,,,,,,,,,,,,,,,,,,15.251018,100.337029,4.55,5.08,134.42,213.50,
001,,,,,,,,,,,,,,,,,,,,15.251017,100.337029,4.47,5.12,237.20,213.40,
001,,,,,,,,,,,,,,,,,,,,15.251017,100.337029,4.47,5.14,239.20,213.40,
001,,,,,,,,,,,,,,,,,,,,15.251017,100.337029,4.46,5.10,237.44,213.40,
001,,,,,,,,,,,,,,,,,,,,15.251017,100.337029,4.55,5.14,239.51,213.40,
001,,,,,,,,,,,,,,,,,,,,15.251016,100.337029,4.48,5.23,240.31,213.50,
001,,,,,,,,,,,,,,,,,,,,15.251016,100.337029,4.49,5.06,238.27,213.50,
001,,,,,,,,,,,,,,,,,,,,15.251016,100.337029,4.55,5.14,241.24,213.50,
001,,,,,,,,,,,,,,,,,,,,15.251016,100.337029,4.51,5.08,238.38,213.50,
001,,,,,,,,,,,,,,,,,,,,15.251015,100.337029,4.49,5.04,238.51,213.50,
001,,,,,,,,,,,,,,,,,,,,15.251015,100.337029,4.52,5.12,239.30,213.50,
001,,,,,,,,,,,,,,,,,,,,15.251015,100.337036,4.49,5.14,239.28,213.40,
001,,,,,,,,,,,,,,,,,,,,15.251015,100.337036,4.47,5.11,239.90,213.40,
001,,,,,,,,,,,,,,,,,,,,15.251015,100.337036,4.53,5.11,133.54,213.40,
001,,,,,,,,,,,,,,,,,,,,15.251015,100.337036,4.49,5.08,239.18,213.40,
001,,,,,,,,,,,,,,,,,,,,15.251015,100.337036,4.51,5.07,240.33,213.40,
001,,,,,,,,,,,,,,,,,,,,15.251015,100.337036,4.47,5.11,238.70,213.40,
001,,,,,,,,,,,,,,,,,,,,15.251015,100.337036,4.56,5.14,240.21,213.40,
001,,,,,,,,,,,,,,,,,,,,15.251015,100.337036,4.49,5.15,238.53,213.40,
001,,,,,,,,,,,,,,,,,,,,15.251015,100.337036,4.47,5.13,237.60,213.40,
001,,,,,,,,,,,,,,,,,,,,15.251018,100.337036,4.50,5.11,237.93,213.50,
001,,,,,,,,,,,,,,,,,,,,15.251018,100.337036,4.46,5.12,238.98,213.50,
001,,,,,,,,,,,,,,,,,,,,15.251018,100.337036,4.52,5.08,238.83,213.10,
001,,,,,,,,,,,,,,,,,,,,15.251018,100.337036,4.51,5.11,129.14,213.10,
001,,,,,,,,,,,,,,,,,,,,15.251018,100.337036,4.56,5.09,237.68,213.20,
001,,,,,,,,,,,,,,,,,,,,15.251018,100.337036,4.48,5.16,236.90,213.20,
001,,,,,,,,,,,,,,,,,,,,15.251019,100.337036,4.50,5.12,236.87,213.50,
001,,,,,,,,,,,,,,,,,,,,15.251019,100.337036,4.45,5.07,237.41,213.50,
001,,,,,,,,,,,,,,,,,,,,15.251019,100.337036,4.54,5.11,239.23,213.50,
001,,,,,,,,,,,,,,,,,,,,15.251019,100.337036,4.51,5.07,239.43,213.50,
001,,,,,,,,,,,,,,,,,,,,15.251019,100.337036,4.43,5.10,239.15,213.40,
001,,,,,,,,,,,,,,,,,,,,15.251019,100.337036,4.46,5.20,240.81,213.40,
001,,,,,,,,,,,,,,,,,,,,15.251021,100.337029,4.51,5.08,239.31,213.50,
001,,,,,,,,,,,,,,,,,,,,15.251021,100.337029,4.46,5.16,239.72,213.50,
